,Job Descriptions
0,Tesorio (YC S15) Is Hiring a Senior PM and Senior DevOps (Remote) (tesorio.com)
1,"Bonsai (YC W16) hiring PMs, ops, and risk analysts (crew.work)"
2,Our World in Data (YC W19) Is Hiring (ourworldindata.org)
3,Supabase (YC S20) Is Hiring a Technical Documentation Lead (Remote) (greenhouse.io)
4,"Zentail (YC S12) Is Hiring a Sr Software Engineer in Columbia, MD (Series A) (lever.co)"
5,TrueVault (YC W14) Is Hiring a Head of Engineering (ycombinator.com)
6,Skio (YC S20) Is Hiring (skio.com)
7,SafeButler (YC S17) Is Hiring Business Development (safebutler.com)
8,Charge Robotics (YC S21) is hiring meches to build robots that build solar farms (ycombinator.com)
9,Meticulous (YC S21) Is Hiring #3 Engineer in London
10,Etleap (YC W13) Is Hiring a Software Engineer (London) (etleap.com)
11,OneText (YC W23) Is Hiring a Full-Stack JavaScript Engineer (ycombinator.com)
12,Padlet Is Hiring to Build Software for a Good Education (padlet.jobs)
13,Generally Intelligent (YC S17) Is Hiring Engineering Managers
14,EasyPost (YC S13) Is Hiring (easypost.com)
15,Jerry (YC S17) Is Hiring Sr / Staff Software Engineer (ashbyhq.com)
16,Replit (YC W18) is hiring to rapidly scale infrastructure (replit.com)
17,PhotoRoom (YC S20) Is Hiring a Fullstack Engineer (Generative AI API) in Paris (lever.co)
18,Relationship Hero (YC S17) Is Hiring Sales Associates (Remote) (relationshiphero.com)
19,BuildZoom (YC W13) Is hiring a Growth Associate (lever.co)
20,OneSignal (YC S11) Is Hiring Engineers (onesignal.com)
21,Emerge (YC W21) is hiring engineers to build the future of mobile development (ycombinator.com)
22,Patterns (YC S21) is hiring to build the best AI app dev platform (ycombinator.com)
23,Bitmovin (YC S15) Is Hiring in Vienna (Austria) (bitmovin.com)
24,Agave (YC W22) is hiring a founding dev (SF)
25,DeepSource (YC W20) is looking for a Senior Front-end engineer (deepsource.io)
26,Paperspace (YC W15) Is Hiring an Engineering Manager – AI Cloud (paperspace.com)
27,Dashworks (YC W20) is hiring a full-stack product engineer (ashbyhq.com)
28,"YC is hiring a product engineer to work on co-founder matching (SF/remote, US)"
29,Tablevibe (YC S21) hiring AU sales exec to help restaurants go direct-to-consumer (ycombinator.com)
30,"QuestDB (YC S20), open-source database, is hiring a devrel engineer (US-based) (questdb.io)"
31,The Muse (YC W12) Is Hiring a BD Manager for Strategic Partnerships (themuse.com)
32,Svix (YC W21) Is Hiring (Remote) – Enterprise-Ready Webhook Service (svix.com)
33,Skio (YC S20) Is Hiring (skio.com)
34,Enso (YC S21) Is Hiring TypeScript Developer (ycombinator.com)
35,Charge Robotics (YC S21) is hiring meches to build robots that build solar farms (ycombinator.com)
36,Meticulous (YC S21) is hiring #3 founding engineer in London
37,Etleap (YC W13) is hiring a software engineer (London) (etleap.com)
38,PolicyFly (YC W22) Is Hiring a Golang Engineer to Build DevTools and Integrations (ycombinator.com)
39,Jerry (YC S17) is hiring a senior product designer (remote) (ashbyhq.com)
40,Replit (YC W18) is hiring a first developer advocate (ashbyhq.com)
41,OneText (YC W23) is hiring our first engineer (ycombinator.com)
42,Stacker (YC S20) is hiring a strategic Product Designer (workable.com)
43,Relationship Hero (YC S17) Is Hiring Sales Associates – Remote (relationshiphero.com)
44,BuildZoom (YC W13) Is hiring a Principal Engineer (lever.co)
45,OneSignal (YC S11) Is Hiring Engineers (onesignal.com)
46,PhotoRoom (YC S20) Is Hiring a Fullstack Engineer (Generative AI API) in Paris (lever.co)
47,Hydra (YC W22) Is Hiring Database Engineers (Postgres) (ashbyhq.com)
48,Bitmovin (YC S15) Is Hiring a Solutions Engineer US (bitmovin.com)
49,Motion (YC W20) Is Hiring Full Stack Engineers (ashbyhq.com)
50,"Lago (YC S21), open source usage based billing, is hiring a cloud engineer (ycombinator.com)"
51,Emerge (YC W21) is hiring engineers to build the future of mobile development (ycombinator.com)
52,Tesorio (YC S15) Is Hiring a Senior DevOps in Latam. Join Our 100% Distributed Team (lever.co)
53,Mux (YC W16) Is Hiring a Senior Platform Engineer (mux.com)
54,Ashby (YC W19) is hiring product engineers and design engineers (ashbyhq.com)
55,Aviator (YC S21) Is hiring senior engineers interested in dev productivity (ycombinator.com)
56,Rthm (YC W22) Is Hiring a CTO to scale digital health solution (ycombinator.com)
57,Patterns (YC S21) is hiring (patterns.app)
58,Sirum (YC Nonprofit) Is Hiring Chief of Staff and Product Managers in Atlanta (sirum.org)
59,EasyPost (YC S13) Is Hiring (easypost.com)
60,Flightcontrol (YC W22) is hiring Developer Advocate (remote/fulltime) (flightcontrol.dev)
61,YC's Startup School is growing and we need a product engineer (ycombinator.com)
62,Charge Robotics (YC S21) is hiring meches to build robots that build solar farms (ycombinator.com)
63,Zen (YC S21) Is Hiring a Growth Engineer (greenhouse.io)
64,Great Question (YC W21) Is Hiring B2B Account Executives (greatquestion.co)
65,Meticulous (YC S21) Is Hiring #3 Founding Engineer in London
66,Etleap (YC W13) is hiring a software engineer (London) (etleap.com)
67,Actiondesk (YC S19) Is Hiring a Product Designer (4-6 months contract) (ycombinator.com)
68,Jerry (YC S17) Is Hiring VP / Director of Engineering (ashbyhq.com)
69,Ribbon (YC S17) is hiring values-driven engineers to help patients find care (keyvalues.com)
70,PolicyFly (YC W22) Is Hiring an EM to Lead Our Solutions Team (ycombinator.com)
71,Kable (YC W22) Is Hiring Lead Engineer (Remote/US) (ycombinator.com)
72,BuildZoom (better way to build custom homes) Is hiring a Product Manager (lever.co)
73,OneSignal (YC S11) Is Hiring Product Engineers (onesignal.com)
74,"PhotoRoom (YC S20) is hiring an API developer (OpenAPI, Python, React) in Paris (lever.co)"
75,Svix (YC W21) Is Hiring (Remote) – Enterprise-Ready Webhook Service (svix.com)
76,Axiom.ai (YC W21) Is Hiring Customer Success Engineers (ycombinator.com)
77,"Lago (YC S21), open-source usage based billing, is hiring senior Ruby engineers (ycombinator.com)"
78,Bitmovin (YC S15) Is Hiring a Director Product Growth in Vienna (bitmovin.com)
79,Generally Intelligent (YC S17) Is Hiring Simulation Engineers
80,Emerge (YC W21) is hiring engineers to build the future of mobile development (ycombinator.com)
81,Aviator (YC S21) is hiring engineers interested in dev productivity (ycombinator.com)
82,Ashby (YC W19) is hiring product and design engineers (ashbyhq.com)
83,Motion (YC W20) Is Hiring Fullstack Engineers (ashbyhq.com)
84,"Skio (YC S20) is hiring – subscriptions for Shopify, easy ReCharge migrations (skio.com)"
85,Hive (YC S14) is hiring devs #3-10 in 2023 (Canada remote) (angel.co)
86,"Patterns (YC S21), a platform to build next-gen AI systems, is hiring devs (patterns.app)"
87,Ciro (YC S22) hiring a founding back end engineer to build an SMB search engine (ycombinator.com)
88,Extensional AI (YC W23) Is Hiring: Front End and ML (ycombinator.com)
89,HiOperator (YC S16) Is Hiring VP of Engineering (breezy.hr)
90,EasyPost (YC S13) Is Hiring (easypost.com)
91,Flightcontrol (YC W22) is hiring first Developer Advocate (flightcontrol.dev)
92,MindsDB (YC W20) Is Hiring a Senior PM (lever.co)
93,Oven (YC S19) is hiring C/C++ or Zig engineers to build Bun (bun.sh)
94,Rutter (YC S19) Is Hiring a Senior Software Engineer in NYC (ashbyhq.com)
95,Ivy (YC W23) is hiring software engineers to help unify ML (ycombinator.com)
96,BuildZoom (YC W13) is hiring a principal engineer (lever.co)
97,OneSignal (YC S11) Is Hiring a Product Engineer (onesignal.com)
98,PermitFlow (YC W22) Is Hiring (ycombinator.com)
99,Svix (YC W21) Is Hiring (Remote) – Enterprise-Ready Webhook Service (svix.com)
100,KaiPod Learning (YC S21) Is Hiring a Founding Engineer
101,Generally Intelligent (YC S17) is hiring senior software engineers
102,Banner (YC S19) Is Hiring a Senior PM (ycombinator.com)
103,The Muse (YC W12) Is Hiring a Senior Director of FP&A (themuse.com)
104,Avenue (YC W21) is hiring software engineers in NYC (React/TypeScript/tRPC) (ashbyhq.com)
105,Slai (YC W22) is hiring an SRE to solve low-level GPU scaling challenges (serverlessai.notion.site)
106,PiinPoint (YC W14) Is Hiring Developers (Remote in Canada) (angel.co)
107,Ashby (YC W19) is hiring product and design engineers (ashbyhq.com)
108,"Odiggo (YC S21), a hardware startup, is looking for a tech co-founder"
109,"Patterns (YC S21), a platform to build next-gen data apps, is hiring devs (patterns.app)"
110,"PhotoRoom is Hiring a React Architect (WebAssembly, WebGL and Next) in Paris (lever.co)"
111,Motion (YC W20) Is Hiring a Senior SRE (ashbyhq.com)
112,"Skio (YC S20) is hiring – subscriptions for Shopify, easy ReCharge migrations (skio.com)"
113,Flexport (YC W14) Is Hiring Software Engineers (reuters.com)
114,Emerge Tools (YC W21) Is Hiring a Rockstar Senior Mobile Engineer (ycombinator.com)
115,"Hive (YC S14) is hiring engineers #3, 4 and 5 (100% Remote in Canada) (angel.co)"
116,Firezone (YC W22) is hiring engineers to work on open-source network security (ycombinator.com)
117,Meticulous (YC S21) Is Hiring #3 Founding Engineer in London
118,Roboflow (YC S20) is hiring engineers to democratize computer vision (roboflow.com)
119,Lago (YC S21) Is Hiring (ycombinator.com)
120,Charge Robotics (YC S21) is hiring meches to build robots that build solar farms (ycombinator.com)
121,Pachyderm (YC W15) is hiring sales engineers and solutions architects (pachyderm.com)
122,Ivy (YC W23) Is Hiring Engineers to Unify ML (ycombinator.com)
123,BuildZoom (better way to build custom homes) Is hiring a Growth Associate (lever.co)
124,OneSignal (YC S11) Is Hiring a Head of Developer Relations (onesignal.com)
125,Svix (YC W21) is hiring (remote) – Enterprise ready webhook service (svix.com)
126,Generally Intelligent (YC S17) Is Hiring Simulation Engineers
127,ReadMe (YC W15) is hiring a product manager who loves APIs (readme.com)
128,Ashby (YC W19) is hiring engineers who also write product specs (ashbyhq.com)
129,Avenue (YC W21) Is Hiring Software Engineers in NYC (React/TypeScript/TRPC) (ashbyhq.com)
130,Finley (YC W21) is hiring across all teams to build capital markets software
131,UPchieve (YC W21 EdTech Nonprofit) Is Hiring Engineers and a Head of Engineering (welcomekit.co)
132,Motion (YC W20) Is Hiring Full Stack Engineers (ashbyhq.com)
133,"Skio (YC S20) is hiring – subscriptions for Shopify, easy ReCharge migrations (skio.com)"
134,Capsule (YC S22) is hiring a computer vision AI / machine learning intern (workatastartup.com)
135,"Lilia (egg freezing, YC W20) is hiring a content/growth marketer (observant-hoodie-597.notion.site)"
136,Supabase (YC S20) is hiring success engineers (US time zone) (greenhouse.io)
137,Emerge Tools (YC W21) is hiring to build the future of mobile development (ycombinator.com)
138,Kodable (YC IK12) is hiring a full stack engineer to help us teach kids to code (indeed.com)
139,EasyPost (YC S13) is hiring (easypost.com)
140,Meticulous (YC S21) is hiring engineer #3 in London
141,Firezone (YC W22) is hiring engineers to build open-source secure access (ycombinator.com)
142,GiveCampus (YC S15) Is Hiring senior engineers to support schools (lever.co)
143,Universe (YC W18) Is Hiring a Site Reliability Engineer (lever.co)
144,Fly.io (YC W20) Is Hiring Ops Engineers (fly.io)
145,Flexport (YC W14) is hiring software engineers to digitize global trade (flexport.com)
146,Sled (YC S21) is hiring a founding UX/UI engineer to help teams on Snowflake (snowsoft.notion.site)
147,Stacker (YC S20) – Hiring Product Engineers and Senior Product Designer (stackerhq.com)
148,"Patterns (YC S21), a platform for building next generation AI apps, is hiring (patterns.app)"
149,Tesorio (YC S15) Is Hiring a Product Manager and Senior Front End Engineer (tesorio.com)
150,Promoted.ai (YC W21) Is Hiring a Staff Data Engineer (Flink) (ycombinator.com)
151,"Svix, the Enterprise Ready Webhook Service (YC W21) Is Hiring (Remote) (svix.com)"
152,8vdX (YC W22) Is Hiring (ycombinator.com)
153,Paperspace (YC W15) is hiring to build a better ML model deployment service (paperspace.com)
154,Deepnote (YC S19) is hiring engineers to build a better Jupyter notebook (deepnote.com)
155,Pachyderm (YC W15) is hiring sales engineers and solutions architects (pachyderm.com)
156,Kamion (YC S22) Is Hiring (ycombinator.com)
157,Generally Intelligent (YC S17) Is Hiring AI Policy and Safety Researchers
158,Ciro (YC S22) is hiring founding engineers to build an SMB search engine (ycombinator.com)
159,Compound (YC S19) is hiring to build financial products for tech people (withcompound.com)
160,ReadMe (YC W15) is hiring a product manager who loves APIs (readme.com)
161,Ribbon Health (YC S17) is hiring engineers to change healthcare (ribbonhealth.com)
162,Manara (YC W21) is hiring a software engineer (breezy.hr)
163,Finley (YC W21) is a B2B fintech hiring across all teams (US remote) (finleycms.com)
164,Motion (YC W20) Is Hiring Full Stack Engineers (ashbyhq.com)
165,"Skio (YC S20) is hiring – subscriptions for Shopify, easy ReCharge migrations (skio.com)"
166,"Lilia (egg freezing, YC W20) Is Hiring a Content/Growth Marketer (observant-hoodie-597.notion.site)"
167,PolicyFly (YC W22) Is Hiring an Engineering Manager to Lead Our Solutions Team (ycombinator.com)
168,Supabase (YC S20) Is Hiring a Lead API and Billing Engineer (greenhouse.io)
169,Release (YC W20) Is Hiring – Senior Software Engineer – Cloud Infrastructure (ycombinator.com)
170,Evidence (YC S21) Is hiring engineers to build a web framework for data analysts (ycombinator.com)
171,Substack (YC W18) is hiring data analysts (greenhouse.io)
172,"PhotoRoom Is Hiring a Senior Backend Engineer (Django, 200GB+ PSQL DB) in Paris (lever.co)"
173,EasyPost (YC S13) Is Hiring (easypost.com)
174,Meticulous (YC S21) Is Hiring #3 Founding Engineer in London
175,Flexport (YC W14) Is Hiring Software Engineers (flexport.com)
176,BuildZoom (YC W13) is hiring a growth associate (lever.co)
177,Charge Robotics (YC S21) is hiring meches to build robots that build solar farms (ycombinator.com)
178,OneSignal (YC S11) Is Hiring a Data Analytics Lead (onesignal.com)
179,"Tesorio Is Hiring a PM, Senior FE Engineer and Support Engineer (tesorio.com)"
180,Patterns (YC S21) is hiring to build a developer platform for data apps (patterns.app)
181,"Svix, the Enterprise Ready Webhook Service (YC W21) Is Hiring (Remote) (svix.com)"
182,Deepnote (YC S19) is hiring to build a better data science notebook (Europe) (deepnote.com)
183,Jitx (YC S18) is hiring an application engineer to code PCBs (lever.co)
184,Pachyderm (YC W15) is hiring sales engineers and solutions architects (pachyderm.com)
185,QuestDB (YC S20) Is Hiring a Core Database Engineer (Low Latency Java and C++) (questdb.io)
186,Generally Intelligent (YC S17) Is Hiring Senior Software Engineers
187,Ivy (YC W23) are hiring engineers to help unify ML (ycombinator.com)
188,Enso (YC S21) Is Hiring a Libraries Developer (ycombinator.com)
189,Stacker (YC S20) B2B No-Code Platform Is Hiring Product Engineers (workable.com)
190,Motion (YC W20) is hiring full-stack engineers and data scientists (ashbyhq.com)
191,"Skio (YC S20) is hiring – subscriptions for Shopify, easy ReCharge migrations (skio.com)"
192,Fractional (YC W21) Is Hiring an iOS Lead (ycombinator.com)
193,Replit (YC W18) is hiring engineers to make programming more accessible (replit.com)
194,PolicyFly (YC W22) Is Hiring a Senior Front End Engineer (Remote) (ycombinator.com)
195,Hightouch (YC S19) Is Hiring an Engineering Manager (greenhouse.io)
196,Release (YC W20) Is Hiring – Senior Cloud Infrastructure Engineer (ycombinator.com)
197,Evidence (YC S21) is hiring engineers to build a web framework for data teams (ycombinator.com)
198,Senior Solidity Developer at Jasmine Energy (YC S22) (ycombinator.com)
199,Demodesk is hiring a product engineer in EU time zones (demodesk.com)
200,Substack (YC W18) is hiring data analysts (greenhouse.io)
201,Community Phone Is Hiring Engineers to Make VoIP Simple and Reliable (ycombinator.com)
202,Bottomless (YC W19) is hiring a lead designer (anywhere) (forms.gle)
203,"Firezone (YC W22) is hiring a founding engineer (Elixir, Rust) (ycombinator.com)"
204,Meticulous (YC S21) Is Hiring #3 Founding Engineer in London
205,BuildZoom (YC W13) is hiring a product manager (lever.co)
206,Charge Robotics (YC S21) is hiring meches to build robots that build solar farms (ycombinator.com)
207,OneSignal (YC S11) Is Hiring Engineers (onesignal.com)
208,Tesorio (YC S15) raised a Series B and is hiring various roles (tesorio.com)
209,Ciro (YC S22) is hiring founding engineers to build an SMB search engine (ycombinator.com)
210,Finley (YC W21) is fintech software hiring across all teams (US Remote) (finleycms.com)
211,Generally Intelligent (YC S17) Is Hiring Simulation Engineers
212,Pachyderm (YC W15) is hiring sales engineers and solutions architects (greenhouse.io)
213,DevCycle (YC W14) – Feature Flags w/ a built-in Edge Database – Is Hiring Devs (devcycle.com)
214,Ribbon Health (YC S17) engineers improve the status quo of healthcare (ribbonhealth.com)
215,EasyPost (YC S13) Is Hiring (easypost.com)
216,MutableAI (YC W22) Is Hiring a Founding Engineer to Build an AI First Dev Platform (ycombinator.com)
217,Reflect (YC S20) is hiring a software engineer (ycombinator.com)
218,Deepnote (YC S19) is hiring to build a better data science notebook (Europe) (deepnote.com)
219,ReadMe (YC W15) is hiring a product manager who loves APIs (readme.com)
220,Stacker (YC S20) Is Hiring for an Ops Exec and Product Engineers (stackerhq.com)
221,Motion (YC W20) Is Hiring a Front End Architect and Full Stack Engineers (ashbyhq.com)
222,"Skio (YC S20) is hiring – subscriptions for Shopify, easy ReCharge migrations (skio.com)"
223,Craniometrix (YC W22) Is Hiring (ycombinator.com)
224,Ashby (YC W19) Is Hiring Engineers to Take Ideas from Research to Implementation (ashbyhq.com)
225,UPchieve (YC W21) is hiring a tech lead and senior engineers (welcomekit.co)
226,Fractional (YC W21) Is Hiring Product Engineers (ycombinator.com)
227,"PhotoRoom Is Hiring a Senior Web Developer (WebAssembly, WebGL and React) in Paris (lever.co)"
228,Hightouch (YC S19) Is Hiring an Engineering Manager
229,Release (YC W20) Is Hiring Senior Software Engineer – Cloud Infrastructure (ycombinator.com)
230,Meticulous (YC S21) Is Hiring #3 Founding Engineer in London
231,Ivy (YC W23) Is Hiring Software Engineers to Unify ML (ycombinator.com)
232,BuildZoom (YC W13) Is hiring a Principal Engineer (lever.co)
233,Flexport is hiring engineers to build technology to power supply chains (flexport.com)
234,Charge Robotics (YC S21) is hiring meches to build robots that build solar farms (ycombinator.com)
235,OneSignal (YC S11) Is Hiring Product Engineers (onesignal.com)
236,Tesorio (YC S15) raised a Series B and is hiring various roles (tesorio.com)
237,Padlet (YC W13) Is Hiring in SF to Build Software for a Good Education (padlet.jobs)
238,Promoted.ai (YC W21) Is Hiring Staff Data Engineer (Flink) (ycombinator.com)
239,"The Muse (YC W12) Is Hiring a Finance, Ops and M&A Associate (themuse.com)"
240,"Svix, the Enterprise Ready Webhook Service (YC W21) Is Hiring (Remote) (svix.com)"
241,"AirMyne (YC W22) is hiring a chemical engineer in Berkeley, CA (ycombinator.com)"
242,Patterns (YC S21) is hiring devs to help us build the Figma for data (patterns.app)
243,Iollo (YC S22) is hiring a founding full-stack engineer (ycombinator.com)
244,Substack (YC W18) is hiring data analysts to build the future for writing (greenhouse.io)
245,Jitx (YC S18) is hiring a senior optimization scientist (lever.co)
246,Generally Intelligent (YC S17) Is Hiring Remote Machine Learning Engineers
247,Smarking (YC W15) is hiring a product lead to digitize the parking industry (lever.co)
248,Metriport (YC S22) Is Hiring (ycombinator.com)
249,Pachyderm Is Hiring Sales Engineers and Solutions Architects (pachyderm.com)
250,EasyPost (YC S13) Is Hiring (easypost.com)
251,Porter (YC S20) Is Hiring (workatastartup.com)
252,"AiSupervision (YC W22) is hiring an intern (remote, start) (aisupervision.com)"
253,"Skio (YC S20) is hiring – subscriptions for Shopify, easy ReCharge migrations (skio.com)"
254,Stacker (YC S20) Is Hiring Product Engineers (workable.com)
255,Firezone (YC W22) is hiring a founding engineer to build an open-source VPN (ycombinator.com)
256,SafeBeat Rx (YC S21) Is Hiring (ycombinator.com)
257,Ashby (YC W19) is hiring engineers in Europe (ashbyhq.com)
258,Replit (YC W18) Is Hiring ML Engineers to Build AI for Code (replit.com)
259,Motion (YC W20) Is Hiring Senior Full Stack and Back End Engineers (usemotion.com)
260,Deepnote (YC S19) is hiring engineers to build a better Jupyter notebook (deepnote.com)
261,New Story (YC S15) Is Hiring a Controller (newstorycharity.org)
262,Hightouch (YC S19) Is Hiring an Engineering Manager (greenhouse.io)
263,"Wasp (YC W21) is hiring eng to work on DSL for making web apps (compiler, webdev)"
264,Demodesk GmbH (YC W19) Is Hiring a Full-Stack Product Engineer (demodesk.com)
265,Etleap (YC W13) Is Hiring Software Engineer – London (etleap.com)
266,Meticulous (YC S21) Is Hiring #3 Founding Engineer in London
267,BuildZoom (YC W13) is hiring (lever.co)
268,Flexport (YC W14) is hiring (flexport.com)
269,Charge Robotics (YC S21) is hiring meches to build robots that build solar farms (ycombinator.com)
270,Ivy (YC W23) is hiring developers to help unify ML (ycombinator.com)
271,OneSignal (YC S11) Is Hiring an Engineering Manager (onesignal.com)
272,Devcycle (YC W14) – feature flags and remote config automation – is hiring (devcycle.com)
273,Tesorio (YC S15) is hiring a senior front end engineer and support engineer (lever.co)
274,"Svix (YC W21), enterprise-ready webhook service, is hiring (remote) (svix.com)"
275,"The Muse (YC W12) Is Hiring a Finance, Ops and M&A Associate (themuse.com)"
276,Ribbon Health (YC S17) is hiring engineers to help patients find care (ribbonhealth.com)
277,Diversion (YC S22) Is Hiring (ycombinator.com)
278,TaxProper (YC S19) Is Hiring Engineers and Operations
279,Substack (YC W18) is hiring data analysts to build the future for writing (greenhouse.io)
280,Generally Intelligent (YC S17) Is Hiring Remote Machine Learning Engineers
281,Patterns (YC S21) Is hiring devs to help us build the Figma for data (patterns.app)
282,Pachyderm Is Hiring Sales Engineers and Solutions Architects (pachyderm.com)
283,Tab (YC W15) Is Hiring a Full Stack Developer in London (recruitee.com)
284,Finley (YC W21) is hiring across all teams to build fintech infrastructure (finleycms.com)
285,Contentedge (YC W17) is hiring to build AI content writing software for SEO (contentedge.com)
286,EasyPost (YC S13) Is Hiring (easypost.com)
287,AiSupervision (YC W22) is hiring a back-end software engineer (Remote) (aisupervision.com)
288,Release (YC W20) Is Hiring Business Development Reps (ycombinator.com)
289,ReadMe (YC W15) is hiring a product manager who loves APIs (readme.com)
290,Stacker (YC S20) Is Hiring Enterprise Sales AE and Product Engineers (stackerhq.com)
291,"Skio (subscriptions for Shopify, easy ReCharge migrations) is hiring (skio.com)"
292,Firezone is hiring to build a WireGuard based remote access platform (YC W22) (ycombinator.com)
293,Ashby hiring engineers who want to make product decisions and/or design (ashbyhq.com)
294,Olark (YC W09) Is Hiring an Account Executive who cares about accessibility (trakstar.com)
295,Deepnote (YC S19) is hiring to build a better data science notebook (Europe) (deepnote.com)
296,Motion (YC W20) is hiring QA and back end engineers (usemotion.com)
297,QuestDB (YC S20) Is Hiring a Technical Writer (questdb.io)
298,SigNoz (YC W21) Is Hiring Frontend engineers to build open source APM (ycombinator.com)
299,Laylo (YC S20) Is Hiring a Full Stack Engineer to Grow “Salesforce” for Creators
300,Etleap (YC W13) is hiring a software engineer in London (etleap.com)
301,GiveCampus (YC S15) hiring senior engineers who care about affordable education (lever.co)
302,Jiga (YC W21) is hiring a manufacturing success manager (ycombinator.com)
303,Meticulous (YC S21) is hiring #3 founding engineer in London
304,BuildZoom (YC W13) is hiring a principal engineer (lever.co)
305,Charge Robotics (YC S21) is hiring meches to build robots that build solar farms (ycombinator.com)
306,Ivy (YC W23) is hiring software engineers to help unify ML (ycombinator.com)
307,OneSignal (YC S11) is hiring engineers (onesignal.com)
308,Tesorio raised a Series B and is hiring a Sr Front end Engineer and Support Engineer (tesorio.com)
309,Flexport is hiring smart people who want to work hard (flexport.com)
310,"Svix, the Enterprise Ready Webhook Service (YC W21) Is Hiring (Remote) (svix.com)"
311,Devcycle (YC W14) – feature flags and remote config automation – is hiring (devcycle.com)
312,Ribbon Health (YC S17) is hiring engineers to help patients find care (ribbonhealth.com)
313,TaxProper (YC S19) Is Hiring (taxproper.notion.site)
314,Substack (YC W18) is hiring Android engineers (greenhouse.io)
315,SBX Robotics (YC W21) Is Hiring Techincal Artists in Toronto [Remote] (linkedin.com)
316,Generally Intelligent (YC S17) is hiring remote machine learning engineers
317,Tab (YC W15) Is Hiring a Lead Developer in London (recruitee.com)
318,Patterns (YC S21) Is hiring to build the OS for your data warehouse (patterns.app)
319,Pachyderm Is Hiring Go Distributed Systems and Testing Engineers (pachyderm.com)
320,Terra (YC W21) Is Hiring for Operations in London (UK) (ycombinator.com)
321,EasyPost (YC S13) Is Hiring (easypost.com)
322,Suiteness (YC S16) is hiring a customer support concierge (ycombinator.com)
323,ContainIQ (YC S21) Is Hiring an SDR – Founding Role
324,Stacker (YC S20) Is Hiring Product Engineers (workable.com)
325,"Skio (subscriptions for Shopify, easy ReCharge migrations) is hiring (skio.com)"
326,"Firezone (YC W22) is building a open-source corporate VPN (remote, US) (ycombinator.com)"
327,"Ashby (YC W19, B) Hiring Engineers Who Want to Own Product/Design (ashbyhq.com)"
328,Contentedge (YC W17) is hiring engineers to build AI copywriting software (contentedge.com)
329,Zentail (YC S12) Is Hiring a Head of Sales (lever.co)
330,Sirum (YC Nonprofit) Is Hiring Mission-Driven Engineers
331,Smarking (YC W15) is hiring a product lead to digitize the parking industry (lever.co)
332,Jitx (YC S18) is hiring a front end engineer (lever.co)
333,Sieve (YC W22) Is Building AI Infrastructure for Video
334,GoGoGrandparent (YC S16) is hiring a lead full-stack engineer
335,Release (YC W20) Is Hiring a Senior Product Manager (ycombinator.com)
336,"UPchieve (EdTech Nonprofit, YC W21) is hiring senior engineers (welcomekit.co)"
337,"Aptible (YC S14) is hiring for our secure, compliant PaaS alternative to Heroku (aptible.com)"
338,Replit (YC W18) Is Hiring ML engineers (replit.com)
339,Keeper Tax (YC W19) is hiring an engineer to simplify taxes for gig workers (ycombinator.com)
340,BuildZoom (YC W13) is hiring a principal engineer (lever.co)
341,Charge Robotics (YC S21) is hiring meches to build robots that build solar farms (ycombinator.com)
342,Ivy (YC W23) is hiring developers to help unify ML (ycombinator.com)
343,OneSignal (YC S11) is hiring back end and full stack engineers (onesignal.com)
344,Tesorio raised a Series B and is hiring a Sr Front end Engineer and Support Engineer (tesorio.com)
345,Flexport is hiring software engineers (flexport.com)
346,Svix (YC W21) Is Hiring (Remote) – Enterprise-Ready Webhook Service (svix.com)
347,DevCycle (YC W14) Is Hiring - Feature Flags and Remote Config Automation (devcycle.com)
348,"PhotoRoom Is Hiring a Senior Backend Engineer (Django, 200GB+ PSQL DB) in Paris (lever.co)"
349,TaxProper (YC S19) Is Hiring (taxproper.notion.site)
350,Mozart Data (YC S20) is Hiring a Data Analyst to productize common data problems (mozartdata.com)
351,Generally Intelligent (YC S17) Is Hiring Machine Learning Engineers
352,"Opvia (YC S20) Is Hiring a Chief of Staff in London, UK (opvia.io)"
353,Eden (YC S15) is hiring a product manager – Performance management software
354,GiveCampus (YC S15) Is US-Remote Hiring Senior Software Engineers (lever.co)
355,Pachyderm (YC W15) is hiring Go distributed systems and testing engineers (pachyderm.com)
356,Deepnote (YC S19) is hiring to build a better data science notebook (Europe) (deepnote.com)
357,Patterns (YC S21) is hiring devs to help build the Figma for data (patterns.app)
358,Stacker (YC S20) Is Hiring a Product Engineer (workable.com)
359,"Skio (YC S20) is hiring in NYC – subscriptions for Shopify, ReCharge migrations (skio.com)"
360,"Firezone (YC W22) hiring engineers to build a modern corporate VPN (remote, US) (ycombinator.com)"
361,Taktile (YC S20) Is Hiring Front End Engineer (ycombinator.com)
362,EasyPost (YC S13) Is Hiring (easypost.com)
363,SharpestMinds (YC W18) Is Hiring a Software Developer (basecamp.com)
364,Smarking (YC W15) Is Hiring a Senior ML Engineer (lever.co)
365,CareRev (YC S16) is hiring Ruby/Rails devs to transform healthcare (Remote US) (grnh.se)
366,Toko (YC W22) is hiring a Founding Engineer to make language fluency accessible (ycombinator.com)
367,"Ashby (YC W19) hiring Europe Product Eng in low-meeting, great devex culture (ashbyhq.com)"
368,Relationship Hero (YC S17) is hiring coaches (relationshiphero.com)
369,Release (YC W20) Is Hiring – Senior FullStack Engineer (ycombinator.com)
370,Universe (YC W18) Is Hiring a Senior Front End Web Engineer (lever.co)
371,Keeper Tax (YC W19) Is Hiring a PM to Distrupt TurboTax (notion.so)
372,BuildZoom (YC W13) Is hiring a Product Manager (lever.co)
373,Charge Robotics (YC S21) is hiring meches to build robots that build solar farms (ycombinator.com)
374,Bits – Build Credit (YC S20) Is Hiring (ycombinator.com)
375,Ivy (YC W23) is hiring engineers to help unify ML (ycombinator.com)
376,"OneSignal (YC S11) is hiring engineers to work on messaging: Push, SMS, & Email (onesignal.com)"
377,ReadMe (YC W15) is hiring people who love Developer Experience (readme.com)
378,Tesorio (YC S15) is hiring a senior front end engineer and support engineer (tesorio.com)
379,Flexport is hiring software engineers to streamline global trade (flexport.com)
380,Svix (YC W21) Is Hiring (Remote) – Enterprise-Ready Webhook Service (svix.com)
381,Kable (YC W22) Is Hiring Founding Engineers in the US (kable.io)
382,DevCycle (YC W14) is hiring feature flag developers to fix software innovation (devcycle.com)
383,"PhotoRoom Is Hiring a Senior Back End Engineer (Django, 200GB+ PSQL DB) in Paris (lever.co)"
384,TaxProper (YC S19) Is Hiring (taxproper.notion.site)
385,Zentail (YC S12) Is Hiring a CTO (lever.co)
386,Generally Intelligent (YC S17) Is Hiring Machine Learning Engineers
387,Manara (YC W21) is hiring for a senior back end engineer position [Remote] (breezy.hr)
388,"Aptible (YC S14) is hiring for our secure, compliant PaaS alternative to Heroku (aptible.com)"
389,"YC Event: Becoming a founding engineer at a YC startup, Aug 10th"
390,Convictional (YC W19) is hiring engineers to build the future of B2B trade Remote (ashbyhq.com)
391,Finley (YC W21) is building out sales for its capital markets software (finleycms.com)
392,Eden (YC S15) is hiring a product manager – Desk booking and workplace software
393,PicnicHealth (YC S14) is hiring product engineers to improve patient care (picnichealth.com)
394,Patterns (YC S21) is hiring devs to build the Figma for data (patterns.app)
395,GoGoGrandparent (YC S16) is hiring a lead full-stack engineer
396,Stacker (YC S20) Is Hiring for Product Engineer's (workable.com)
397,"Skio (YC S20) is hiring in NYC – subscriptions for Shopify, ReCharge migrations (skio.com)"
398,Firezone (YC W22) is hiring a founding engineer – Elixir and networking (ycombinator.com)
399,Sieve (YC W22) is building plug-and-play APIs for video AI (sievedata.com)
400,Padlet (YC W13) is hiring in SF to build software for a good education (padlet.jobs)
401,"Pachyderm (YC W15) is hiring React, Go devs to build reproducible data pipelines (pachyderm.com)"
402,PermitFlow (YC W22) Is Hiring a Founding Software Engineer (ycombinator.com)
403,"UPchieve (EdTech Nonprofit, YC W21) is hiring senior engineers (welcomekit.co)"
404,PolicyFly (YC W22) Is Hiring a Director of Engineering (ycombinator.com)
405,Nimble (YC S17) is hiring a part-time React/Django SWE (AI to recruit teachers)
406,Aquarium (YC S20) is hiring engineers to build the platform for data-centric ML (aquariumlearning.com)
407,EasyPost (YC S13) Is Hiring (easypost.com)
408,Universe (YC W18) Is Hiring a Staff Front End Web Engineer (lever.co)
409,"Clerky (YC S11) is hiring senior software engineers (Rails, remote) (lever.co)"
410,BuildZoom (better way to build custom homes) Is hiring a Product Manager (lever.co)
411,Ivy (YC W23) is hiring engineers to help unify ML (ycombinator.com)
412,OneSignal (YC S11) is hiring back end and full stack engineers (onesignal.com)
413,Keeper Tax (YC W19) is hiring a data engineer to save freelancers $ on taxes (ycombinator.com)
414,Flexport Is Hiring Software Engineers (flexport.com)
415,Svix (YC W21) Is Hiring (Remote) – Enterprise-ready webhook service (svix.com)
416,Tesorio (YC S15) is hiring a senior front end engineer and support engineer (tesorio.com)
417,Charge Robotics (YC S21) is hiring meches to build robots that build solar farms (ycombinator.com)
418,Charityvest (YC S20) Is Hiring Lead UX and Brand Designer (workable.com)
419,PropelAuth (YC W22) Is Hiring Rust Developers (US Remote) (ycombinator.com)
420,ReadMe (YC W15) is hiring people who love Developer Experience (readme.com)
421,HireArt (YC W12) is hiring a senior front-end engineer (hireart.com)
422,Generally Intelligent (YC S17) Is Hiring Remote Machine Learning Engineers
423,"Aptible (YC S14) is hiring for our secure, compliant PaaS alternative to Heroku (aptible.com)"
424,Meticulous (YC S21) Is Hiring #3 Founding Engineer in London
425,DevCycle (YC W14) is hiring feature flag developers to fix software development (devcycle.com)
426,Cotera (YC W22) Is Hiring Engineers (ycombinator.com)
427,"Verdn (YC W22) is hiring founding full stack engineers in London, UK (ycombinator.com)"
428,Freshpaint (YC S19) is hiring engineers to build real-time data ingestion infra (ashbyhq.com)
429,Agave (YC W22) is hiring full-stack engineers in SF to build Plaid for Construction (ycombinator.com)
430,"Kable (YC W22) Is Hiring a Founding Engineer (Remote, US) (kable.io)"
431,Patterns (YC S21) is hiring to build an app store for data warehouses (patterns.app)
432,Stacker (YC S20) Is Hiring a Senior Data Analyst (workable.com)
433,Skio is hiring (NYC/remote) – Subscriptions for Shopify (ReCharge migrations) (skio.com)
434,Mozart Data (YC S20) Is Hiring a Data Analyst (mozartdata.com)
435,Smarking (YC W15) Is Hiring a Staff ML Engineer (lever.co)
436,Firezone (YC W22) is building an open-source network security platform (workatastartup.com)
437,Padlet Is Hiring in SF to Build Software for a Good Education (padlet.jobs)
438,Terra (YC W21) Is Hiring a Full Stack Engineer in London (ycombinator.com)
439,Sirum (YC W15 nonprofit) is hiring engineers and pharmacy technicians
440,TrueBiz (YC S22) Is Hiring a Founding Machine Learning Engineer (ycombinator.com)
441,Evidence (YC S21) Is Hiring (ycombinator.com)
442,GiveCampus (YC S15) Is Hiring a Senior Site Reliability Engineer (lever.co)
443,Supabase (YC S20) Is Hiring a Lead Node.js Engineer (Edge Functions) (greenhouse.io)
444,"QuestDB (YC S20) Is Hiring a Cloud Engineer (K8s, AWS, Argocd) (questdb.io)"
445,Founding engineer roles at W22 YC startups
446,"Sieve (YC W22) is building AI infra for video data, come join us (sievedata.com)"
447,"Ashby (YC W19, B) hiring Product Engineers in low-meeting, great devex culture (ashbyhq.com)"
448,EasyPost (YC S13) Is Hiring (easypost.com)
449,Pachyderm (YC W15) is hiring for DevRel to evangelize data-centric pipelines (pachyderm.com)
450,MedMe Health (YC W21) is hiring a senior engineer (ycombinator.com)
451,BuildZoom (YC W13) is hiring a product manager (lever.co)
452,Ivy (YC W23) is hiring a research engineer to help unify ML (ycombinator.com)
453,OneSignal (YC S11) Is Hiring Product Engineers (onesignal.com)
454,Deepnote (YC S19) is hiring engineers to build a better Jupyter notebook (deepnote.com)
455,Flexport Is Still Hiring (flexport.com)
456,"Svix, the Enterprise Ready Webhook Service (YC W21) Is Hiring (Remote) (svix.com)"
457,"PhotoRoom Is Hiring a Senior Web Developer (WebAssembly, WebGL and React) in Paris (lever.co)"
458,Etleap (YC W13) Is Hiring Software Engineer – London (etleap.com)
459,Inversion Space (YC S21) Is Hiring for Embedded Software (greenhouse.io)
460,Tesorio (YC S15) Raised a Series B and Is Hiring a VP of Engineering (tesorio.com)
461,Generally Intelligent (YC S17) Is Hiring Machine Learning Research Engineers
462,Charge Robotics (YC S21) is hiring a mechanical engineer (ycombinator.com)
463,ReadMe (YC W15) is hiring people who love Developer Experience (readme.com)
464,"Aptible (YC S14) is hiring for our secure, compliant PaaS alternative to Heroku (aptible.com)"
465,Genei (YC S21) Is Hiring NLP Research and FullStack Engineers (ycombinator.com)
466,Compound (YC S19) is hiring to build financial products for startup employees (withcompound.com)
467,Meticulous (YC S21) Is Hiring #3 Founding Engineer in London
468,"Kable (YC W22) is hiring a Founding Engineer (Remote, US) (kable.io)"
469,Patterns (YC S21) Is hiring devs to help build low-code data modeling tools (ycombinator.com)
470,The Muse (YC W12) Is Growing Our Platform Engineering Team (themuse.com)
471,Stacker (YC S20) is hiring product engineers (workable.com)
472,"Skio (YC S20) is hiring in NYC – subscriptions for Shopify, ReCharge migrations (skio.com)"
473,Streak (YC W22) is hiring customer success specialists to delight users (remote) (streak.com)
474,"Draftbit (YC W18) Is Hiring Senior Engineers (TypeScript, React Native, GraphQL) (ycombinator.com)"
475,Mozart Data (YC S20) is hiring a senior front end engineer (mozartdata.com)
476,Smarking (YC W15) Is Hiring Lead ML Eng to scale tech for $655B parking industry (lever.co)
477,"UPchieve (Edtech Nonprofit, YC W21) is hiring our first product lead (welcomekit.co)"
478,SimpleHash (YC W22) is hiring back end engineers to build NFT APIs (ycombinator.com)
479,Padlet (YC W13) Is Hiring in Singapore to Build Software for a Good Education (padlet.jobs)
480,Reverie Labs (YC W18) is hiring software engineers to develop cancer therapies (reverielabs.com)
481,GiveCampus (YC S15) is hiring a senior site reliability engineer (lever.co)
482,"Sieve (YC W22) is building the MongoDB for video, come join us (sievedata.com)"
483,Supabase (YC S20) Is Hiring Elixir Engineers (Remote) (greenhouse.io)
484,EasyPost (YC S13) Is Hiring (easypost.com)
485,PermitFlow (YC W22) is hiring a head of permit operations
486,"PolicyFly (YC W22) Is Hiring a Director of Engineering (Remote, US) (ycombinator.com)"
487,Algolia Is Hiring an Engineering Manager in EMEA to Lead the Ingestion Pipeline (algolia.com)
488,Landeed (YC S22) is hiring Rust and React Native engineers in India (ycombinator.com)
489,Finley (YC W21) is hiring its first sales team member
490,Taloflow (YC W21) Is Hiring a React Dev (2 Mo. Contract) (ycombinator.com)
491,BuildZoom (YC W13) is hiring a growth associate (lever.co)
492,OneSignal (YC S11) is hiring back end and full stack engineers (onesignal.com)
493,Tara AI Is Hiring a senior back-end engineer to help build a ticketless future (gohire.io)
494,Deepnote (YC S19) is hiring engineers to build a better Jupyter notebook (deepnote.com)
495,Flexport (YC W14) is hiring software engineers (flexport.com)
496,"Svix, the Enterprise Ready Webhook Service (YC W21) Is Hiring (Remote) (svix.com)"
497,MDalgorithms (YC W17) Is Hiring Chief Marketing Officer (ycombinator.com)
498,Generally Intelligent (YC S17) is hiring machine learning research engineers
499,Dendron (YC W21) is hiring a senior web dev to build a better tool for thought (dendron.so)
500,Tesorio (YC S15) Is Hiring a Head of Infrastructure and Platform (lever.co)
501,Freshpaint (YC S19) is hiring engineers to build real-time data ingestion infra (ashbyhq.com)
502,"Aptible (YC S14) is hiring for our secure, compliant PaaS alternative to Heroku (aptible.com)"
503,Meticulous (YC S21) is hiring founding engineer #3 in London
504,Pachyderm Is Hiring React Engineers to Build Reproducible Data-Centric Pipelines (pachyderm.com)
505,"Kable (Billing for API Products, YC W22) Is Hiring Founding Engineers (kable.io)"
506,"Emerge Tools is building the future of mobile development, come join us (ycombinator.com)"
507,The Muse (YC W12) Is Hiring a Senior or Midlevel Software Engineer (themuse.com)
508,Stacker (YC S20) Is Hiring a Head of Engineering (workable.com)
509,Basis (YC S21) Is hiring devs to help build the Figma for Data (workatastartup.com)
510,Skio (YC S20) is hiring in NYC (skio.com)
511,Smarking (YC W15) is hiring ML engineers to scale dynamic pricing for parking (lever.co)
512,Keeper Tax (YC W19) Is Hiring a freelance designer (design systems) (ycombinator.com)
513,Padlet (YC W13) is hiring in SF to build software for a good education (padlet.jobs)
514,PicnicHealth (YC S14) is hiring Product Engineers to transform healthcare data (picnichealth.com)
515,Reverie Labs (YC W18) is hiring software engineers to help with cancer research (reverielabs.com)
516,Journey (YC W21) is hiring thoughtful engineers (journey.io)
517,Porter (YC S20) Is Hiring Founding Engineers in NYC (ycombinator.com)
518,Kodable (YC IK12) is hiring a full-stack engineer to help us teach kids to code (indeed.com)
519,"Laylo (YC S20), creator economy startup, is hiring a lead growth engineer (laylo.notion.site)"
520,EasyPost (YC S13) Is Hiring Remote (easypost.com)
521,AssemblyAI (YC S17) Is Hiring Senior Research Engineers
522,BuildZoom (better way to build custom homes) Is hiring a Principal Engineer (lever.co)
523,OneSignal (YC S11) is hiring back end and full stack engineers (onesignal.com)
524,Tara AI Is Hiring for a growth lead to handle inbound and SEO (gohire.io)
525,Deepnote (YC S19) is hiring to build a better data science notebook (deepnote.com)
526,Flexport (YC W14) is hiring engineers in Chicago (flexport.com)
527,The Svix Webhook Service (YC W21) Is Hiring (Remote) (svix.com)
528,MedCrypt (YC W19) Is Hiring (ycombinator.com)
529,Generally Intelligent (YC S17) Is Hiring Machine Learning Research Engineers
530,Relationship Hero (YC S17) Is Hiring Consultant Coaches – Remote (relationshiphero.com)
531,Courier (YC S19) Is Hiring to Make Software-to-Human Communication Delightful (lever.co)
532,Tesorio (YC S15) Is Hiring a Head of Infrastructure and Platform (lever.co)
533,Meticulous (YC S21) Is Hiring #3 Founding Engineer in London
534,Centaur Labs (YC W19) Is Hiring a React Engineer in Boston/Remote (centaurlabs.com)
535,SimpleHash (YC W22) Is Hiring Back End Engineers to Build NFT APIs (ycombinator.com)
536,Kable (usage-based billing for APIs) is hiring Founding Engineers (YC W22) (kable.io)
537,Dover.com (YC S19) is hiring senior engineers (dover.com)
538,Emerge Tools (YC W21) is hiring a senior Android engineer (ycombinator.com)
539,The Muse (YC W12) Is Hiring a Senior Software Engineer (themuse.com)
540,Stacker (YC S20) Is Hiring a Head of Engineering (workable.com)
541,Freshpaint (YC S19) is hiring engineers to build real-time data ingestion infra (ashbyhq.com)
542,Basis (YC S21) Is hiring devs to help build Figma for data (workatastartup.com)
543,"Skio (subscriptions for Shopify, easy ReCharge migrations) is hiring in NYC (skio.com)"
544,Smarking (YC W15) Is Hiring Senior ML/Data Eng to Scale Dynamic Pricing for Parking (lever.co)
545,Pachyderm Is Hiring React Engineers to Build Reproducible Data-Centric Pipelines (pachyderm.com)
546,Terra (YC W21) Is Hiring for a Founder Associate in London (ycombinator.com)
547,"Aptible (YC S14) is hiring for our secure, compliant PaaS alternative to Heroku (aptible.com)"
548,Goalbook (YC IK12) is hiring senior engineers to impact special education (lever.co)
549,Bristle (YC W21) Is hiring to analyze the oral microbiome and prevent disease (bristle.notion.site)
550,Wasmer (YC S19) Is Hiring a Python Master with DevOps expertise (ycombinator.com)
551,Padlet (YC W13) is hiring in Singapore to build software for a good education (padlet.jobs)
552,Finley (YC W21) is hiring fintech software engineers (US remote)
553,"PhotoRoom Is Hiring a Senior Web Developer (WebAssembly, WebGL and React) in Paris (lever.co)"
554,Jitx (YC S18) is hiring a senior optimization scientist (lever.co)
555,AssemblyAI (YC S17) is hiring senior engineers to build ML systems at scale
556,"Raycast (YC W20) Is Hiring First Developer Advocate (Remote, UTC ± 3h) (raycast.com)"
557,BuildZoom (better way to build custom homes) is hiring a growth associate (lever.co)
558,QuestDB (YC S20) is hiring Python and cloud engineers (questdb.io)
559,OneSignal (YC S11) is hiring engineers to work on mobile customer engagement (onesignal.com)
560,Deepnote (YC S19) is hiring engineers to build a better Jupyter notebook (deepnote.com)
561,Ribbon (YC S17) is hiring data engineers who want to help simplify healthcare (ribbonhealth.com)
562,The Svix Webhook Service (YC W21) Is Hiring (svix.com)
563,Release (YC W20) is hiring mid level full stack engineers (ycombinator.com)
564,EasyPost (YC S13) Is Hiring Remote Engineers (easypost.com)
565,Firezone (YC W22) Is Hiring a Senior Elixir Engineer (ycombinator.com)
566,Generally Intelligent (YC S17) is hiring machine learning research engineers
567,Paperspace (YC W15) is hiring Engineers to build a next-gen cloud (paperspace.com)
568,ReadMe (YC W15) is hiring people who love Developer Experience (readme.com)
569,GiveCampus (profitable YC S15) hiring US-remote senior software engineers (lever.co)
570,"Tesorio (YC S15) Is Hiring Senior Quality Engineers, PMs, Recruiting Manager (tesorio.com)"
571,Courier (YC S19) is hiring remote engineers to build notification infrastructure (lever.co)
572,Supabase (YC S20) Is Hiring a Head of Documentation (ycombinator.com)
573,SimpleHash (YC W22) Is Hiring Back End Engineers to Build NFT APIs (ycombinator.com)
574,Kable (YC W22) Is Hiring Founding Software Engineers (US/Remote) (ycombinator.com)
575,Flightcontrol (YC W22) Is hiring a back end TypeScript engineer [Own-cloud PaaS] (flightcontrol.notion.site)
576,Stacker (YC S20) Hiring Product Engineers and Head of Engineering (stackerhq.com)
577,Vance (YC W22) Is Hiring (ycombinator.com)
578,The Muse (YC W12) Is Hiring Platform Engineers (All Levels) (themuse.com)
579,Dover (YC S19) is (still) hiring (dover.com)
580,Parker (YC W19) Is Hiring First PM (ycombinator.com)
581,Meticulous (YC S21) Is Hiring #2 Founding Engineer in London
582,"Skio (subscriptions for Shopify, easy ReCharge migrations) is hiring eng in NYC (skio.com)"
583,Basis (YC S21) Is hiring devs to help build Figma for data (workatastartup.com)
584,Ploomber (YC W22) Is Hiring Remote Software Engineers and DevRel (ycombinator.com)
585,"Opvia (YC S20) Is Hiring in London, UK (notion.so)"
586,Smarking (YC W15) is hiring a senior ML engineer to scale dynamic pricing engine (lever.co)
587,Arc (YC W22) is hiring a designer (greenhouse.io)
588,"Aptible (YC S14) is hiring for our secure, compliant PaaS alternative to Heroku (aptible.com)"
589,Rescale (YC W12) Is Hiring Software Engineers (lever.co)
590,Hyper (YC S21) is hiring a senior back end engineer to build mobile avatar tools (ycombinator.com)
591,Padlet Is Hiring in SF to Build Software for a Good Education (padlet.jobs)
592,Verdn (YC W22) is hiring a founding full stack engineer (ycombinator.com)
593,Reviving Mind (YC W22) Is Hiring a Product Manager for Digital Health (ycombinator.com)
594,Laylo (YC S20) is hiring to build Salesforce for creators (notion.so)
595,Finley (YC W21) is hiring fintech software engineers (US remote)
596,Join Jitx (YC S18) to invent algorithms that optimize electronic designs (lever.co)
597,Chaingrep (YC W22) is hiring a founding engineer (chaingrep.notion.site)
598,"Raycast (YC W20) Is Hiring to Make Developers More Productive (Remote, UTC ± 3h) (raycast.com)"
599,BuildZoom (better way to build custom homes) is hiring a principal engineer (lever.co)
600,Ashby (YC W19) Hiring Engineer Focused on DevEx and Productivity (ashbyhq.com)
601,SigNoz (YC W21) Is Hiring First Product Designer (ycombinator.com)
602,Navattic (YC W21) Is Hiring Product Engineers
603,OneSignal (YC S11) Is Hiring Engineers to Democratize Mobile Customer Engagement (onesignal.com)
604,Build better healthcare for your parents (ashbyhq.com)
605,Svix (YC W21) Is Hiring a Rust Back End Engineer (Remote) (svix.com)
606,Jiga (YC W21) Is Hiring a full stack engineer (workatastartup.com)
607,Ziina (YC W21) Is Hiring for Senior+ iOS and Back End Engineers in Dubai
608,Fieldguide (YC S20) Is Hiring (ycombinator.com)
609,Pachyderm Is Hiring Data Science Product Managers to Pioneer Reproducible MLOps (pachyderm.com)
610,Enso (YC S21) Is Hiring Rust Developer (ycombinator.com)
611,Generally Intelligent (YC S17) Is Hiring Machine Learning Research Engineers
612,EasyPost (YC S13) Is Hiring (easypost.com)
613,Snippyly (YC W22) is hiring software engineers to make the internet multiplayer (ycombinator.com)
614,Join YC's Career Expo June 8 to meet YC founders and find open roles
615,Firezone (YC W22) Is Hiring a Senior Release Engineer (Remote Anywhere) (ycombinator.com)
616,Tesorio (YC S15) Is Hiring Senior Quality Engineers and Product Managers (tesorio.com)
617,GiveCampus (YC S15) Is Hiring US-remote software engineers to benefit education (lever.co)
618,Poll Everywhere (YC S08) Is Hiring Rails/Turbo Engineers (lever.co)
619,Flexport (YC W14) Is Hiring (flexport.com)
620,Relationship Hero (YC S17) Is Hiring Couples Coaches – Remote (relationshiphero.com)
621,Deepnote (YC S19) is hiring engineers to build a better Jupyter notebook (deepnote.com)
622,Courier (YC S19) is hiring software engineers to fix bad product notifications (lever.co)
623,Kable (YC W22) is hiring Founding Engineers to solve Billing for API companies (ycombinator.com)
624,AtoB (YC S20) is hiring to build Stripe for Transportation (atob.com)
625,The Muse (YC W12) Is Hiring a Senior Platform Engineer (themuse.com)
626,DevCycle (YC W14) Is Hiring Feature Flag Automation Engineers (devcycle.com)
627,Stacker (YC S20) Is Hiring for Product Engineers (workable.com)
628,"Meticulous is building the future of testing, join us"
629,"Emerge Tools is building the future of mobile performance tooling, come join us (workatastartup.com)"
630,Dover.com (YC S19) is hiring senior engineers (dover.com)
631,"Skio (subscriptions for Shopify, easy ReCharge migrations) is hiring eng in NYC (skio.com)"
632,Unlayer (YC W22) Is Hiring (ycombinator.com)
633,Opvia (YC S20) Is Hiring Product Engineers in London (notion.so)
634,Mighty (YC S19) is hiring software engineers to build a better browser (notion.so)
635,Rescale (YC W12) Is Hiring Software Engineers (lever.co)
636,UpEquity (YC S19) Is Hiring a Software Engineer in Austin (ycombinator.com)
637,Replit (YC W18) Is Hiring SREs to Build Scalable Compute Infrastructure (replit.com)
638,Ledger Investing (YC W17) Is Hiring Software Engineers (ycombinator.com)
639,DirectShifts (YC S19) Is Hiring full stack engineers (ycombinator.com)
640,Padlet is hiring engineers in Singapore to build software for a good education (lever.co)
641,Queenly (YC W21) Is Hiring (ycombinator.com)
642,SimpleHash (YC W22) Is Hiring a Senior Back End Engineer to Build NFT APIs (ycombinator.com)
643,June (YC W21) is hiring a founding engineer (ycombinator.com)
644,BuildZoom (better way to build custom homes) Is hiring a Growth Associate (lever.co)
645,ReadMe (YC W15) is hiring people who love Developer Experience (readme.com)
646,"Raycast (YC W20) Is Hiring macOS Engineers (Remote, UTC ± 3h) (raycast.com)"
647,OneSignal (YC S11) is hiring engineers to work on mobile customer engagement (onesignal.com)
648,SafeButler (YC S17) is hiring a digital marketing associate (safebutler.com)
649,Release (YC W20) Is Hiring – Senior FullStack (Back End Focused) Engineer (ycombinator.com)
650,MutableAI (YC W22) Is Hiring a Founding Engineer (ycombinator.com)
651,"Sturdy (YC W21) Is Hiring (Stockholm, Sweden) (getsturdy.com)"
652,DeepSource (YC W20) Is Hiring Senior Site Reliability Engineers (deepsource.io)
653,Svix (YC W21) Is Hiring a Rust Back End Engineer (Remote) (svix.com)
654,PropelAuth (YC W22) is hiring Rust developers (ycombinator.com)
655,Dashworks (YC W20) Is Hiring a Senior Product Engineer (ycombinator.com)
656,"Clipboard Health (YC W17) Is Hiring an Engineering Manager, QA (clipboardhealth.com)"
657,Generally Intelligent (YC S17) Is Hiring Machine Learning Research Engineers
658,EasyPost (YC S13) Is Hiring Remote (easypost.com)
659,Pachyderm (YC W15) Is Hiring SDET/Build/Release Engineers (pachyderm.com)
660,Playhouse (YC S21) Is Hiring a Founding Full-Stack Engineer (ycombinator.com)
661,Finley (YC W21) is a B2B fintech hiring in sales and eng (US remote) (finleycms.com)
662,Runops (YC W21) is hiring a dev advocate to help fix security tech (ycombinator.com)
663,Firezone (YC W22) Is Hiring Engineers to Build an Open-Source Security Platform (ycombinator.com)
664,Manara (YC W21) Is Hiring a senior front end engineer (breezy.hr)
665,HireArt (YC W12) Is Hiring a Product Designer (hireart.com)
666,Tara AI is building a smarter alternative to Jira and hiring a growth lead (gohire.io)
667,Bitmovin (YC S15) Is Hiring Junior Sales and Customer-Facing Roles (bitmovin.com)
668,Deepnote (YC S19) is hiring engineers to build a better Jupyter notebook (deepnote.com)
669,Zeit Medical (YC S21) Is Hiring an ML scientist to enable early stroke detection (ycombinator.com)
670,Courier (YC S19) Is Hiring to Make Software-to-Human Communication Delightful (lever.co)
671,Tesorio (YC S15) Is Hiring a Head of Infra and Platform and a VP of Engineering (tesorio.com)
672,Kable (YC W22) Is Hiring Founding Engineers (Remote) (ycombinator.com)
673,The Muse (YC W12) Is Hiring a Senior Platform Engineer (themuse.com)
674,DevCycle (YC W14) Is Hiring Feature Flag Automation Engineers (devcycle.com)
675,Stacker (YC S20) Is Hiring a Product Engineer (Remote/Europe) (stackerhq.com)
676,Smarking (YC W15) is hiring a senior ML engineer to scale dynamic pricing (lever.co)
677,Meticulous (YC S21) Is Hiring #2 Engineer in London
678,"Emerge Tools is building the future of mobile performance tooling, come join us (ycombinator.com)"
679,Enso (YC S21) Is Hiring Senior Rust Developer (ycombinator.com)
680,"Skio (subscriptions for Shopify, easy ReCharge migrations) is hiring eng in NYC (skio.com)"
681,Treble.ai (YC S19) Is Hiring VP of Engineering (ycombinator.com)
682,Supabase (YC S20) Is Hiring Site Reliability Engineers (greenhouse.io)
683,Dover (YC S19) is hiring to build a next-gen recruiting platform (dover.com)
684,Daily (YC W16) is hiring a technical product marketing manager (greenhouse.io)
685,Fly.io (YC W20) Is Hiring Platform Engineers (fly.io)
686,Opvia (YC S20) Is Hiring in London (airtable.com)
687,Rescale (YC W12) Is Hiring Software Engineers (lever.co)
688,Massdriver (YC W22) is hiring a principal Elixir engineer (ycombinator.com)
689,PolicyFly (YC W22) Is Hiring a Senior Back End Engineer (Remote) (ycombinator.com)
690,UserGems (YC S14) Is Hiring a VP of Engineering (Europe / East Coast) (usergems.com)
691,Motion (YC W20) Is Hiring Full Stack Engineers (ashbyhq.com)
692,SimpleHash (YC W22) Is Hiring a Senior Back End Engineer to Build NFT APIs (ycombinator.com)
693,"QuestDB (YC S20) Is Hiring a Cloud Engineer (K8s, Argocd, Terraform) (questdb.io)"
694,BuildZoom (YC W13) is hiring a principal engineer (lever.co)
695,ReadMe (YC W15) is hiring people who love Developer Experience (readme.com)
696,Aesthetic (YC S18) Is Hiring a Full-Stack Web Engineer (ashbyhq.com)
697,Ribbon (YC S17) is hiring a Director of Engineering to help simplify healthcare (ribbonhealth.com)
698,Bristle (YC W21) is hiring engineers to prevent gum disease and bad breath (bristle.notion.site)
699,OneSignal (YC S11) is hiring back end and full stack engineers (onesignal.com)
700,Goalbook (YC IK12) Is Hiring Senior Engineers to Impact Special Education
701,Nimbus (YC W22) is hiring our founding engineering team
702,Flexport is hiring a senior engineer with experience building product catalogs (flexport.com)
703,Kula (YC W22) Is Hiring Founding Engineers (London) (joinkula.io)
704,LunaSec (YC S19) is hiring a growth lead to help build our GitHub community
705,Discz Music (YC W22) Is Hiring a Senior iOS Engineer (ycombinator.com)
706,"Sturdy (YC W21) Is Hiring Senior Engineers (Stockholm, Sweden) (getsturdy.com)"
707,Regology (YC S18) Is Hiring (ycombinator.com)
708,Generally Intelligent (YC S17) is hiring machine learning research engineers
709,8vdX (YC W22) Is Hiring a Product Manager (ycombinator.com)
710,Cumbuca (YC S21) Is Hiring
711,The Svix Webhook Service (YC W21) Is Hiring a Rust Back End Engineer (Remote) (svix.com)
712,EasyPost (YC S13) Is Hiring Remote (easypost.com)
713,Great Question (YC W21) is hiring a senior account exec (ycombinator.com)
714,"Ambition (YC W14) Is Hiring a Full Stack Engineer (Tennessee HQ, Remote) (workable.com)"
715,Our World in Data (YC W19) Is Hiring an Ops Officer (ourworldindata.org)
716,HireArt (YC W12) is Hiring an Engineering Manager (hireart.com)
717,Pachyderm Is Hiring SDET&Build/Release Eng to Power the Data-Centric AI Platform (pachyderm.com)
718,Basis (YC S21) is hiring our first dev/designer to build Figma for data (workatastartup.com)
719,Zeit Medical (YC S21) is hiring a Senior Software Engineer to improve stroke care (ycombinator.com)
720,Bitmovin (YC S15) Is Hiring Engineers to Build the Future of Video (bitmovin.com)
721,Deepnote (YC S19) is hiring a lead engineer to build a better notebook (Europe) (deepnote.com)
722,Tesorio (YC S15) Is Hiring a Head of Infra and Platform and a VP of Engineering (tesorio.com)
723,Courier (YC S19) Is Hiring to Make Software-to-Human Communication Delightful (lever.co)
724,Manara (YC W21) Is Hiring a front end engineer (breezy.hr)
725,Stacker (YC S20) Is Hiring a Product Engineer (Remote/Europe) (stackerhq.com)
726,Finley (YC W21) Is a B2B Fintech Hiring in Engineering and Finance (US Remote) (finleycms.com)
727,Kable (YC W22) Is Hiring Founding Engineers (ycombinator.com)
728,Theneo (YC W22) Is Hiring (ycombinator.com)
729,Flagright (YC W22) Is Hiring (workatastartup.com)
730,The Muse (YC W12) Is Hiring a Senior Platform Engineer (Learn More) (themuse.com)
731,Recurse Center (YC S10) Is Hiring an Online Facilitator (US Remote) (recurse.com)
732,TrueVault (YC W14) Is Hiring Our Founding Account Executive (ycombinator.com)
733,Piepacker (YC S20) Is Hiring (ycombinator.com)
734,Wagetap (YC W22) is hiring a lead software engineer (ycombinator.com)
735,Smarking (YC W15) is hiring staff and engineers to digitize the parking industry (lever.co)
736,Mighty (YC S19) Is Hiring a MS Windows Engineer (notion.so)
737,"Skio (subscriptions for Shopify, easy ReCharge migrations) is hiring eng in NYC (skio.com)"
738,Padlet (YC W13) is hiring its first recruiter to build a beautiful workplace (padlet.jobs)
739,Dover.com (YC S19) is hiring senior engineers (dover.com)
740,Roboflow (YC S20) is hiring to help devs give their software the sense of sight (youtube.com)
741,DevCycle (YC W14) is hiring feature flag automation engineers (devcycle.com)
742,Jitx (YC S18) is hiring senior developers to automate circuit board design (lever.co)
743,Buildzoom (YC W13) is hiring a growth associate (lever.co)
744,Fleek (YC W22) Is Hiring for Operations Lead (ycombinator.com)
745,Raycast (YC W20) Is Hiring to Make Work Frictionless (Remote in Europe) (raycast.com)
746,Meticulous (YC S21) is hiring a founding engineer in London
747,Hypercontext (YC S21) Is Hiring a Senior Software Engineer (ycombinator.com)
748,Replit (YC W18) is hiring engineers to make delightful programming environments (replit.com)
749,Daily (YC W16) Is Hiring a Technical Product Marketing Manager (greenhouse.io)
750,YC Is Hiring: Help us pick the best startups as a member of our software team (ycombinator.com)
751,OneSignal (YC S11) Is Hiring Engineers and Product Managers to Work on Messaging (onesignal.com)
752,GiveCampus (YC S15) Is Hiring US Remote Engineers (lever.co)
753,AgileMD (YC S11) Is Hiring Enterprise Technical Support (ycombinator.com)
754,"Clerky is hiring senior software engineers (full-stack, Rails) everywhere (lever.co)"
755,Flexport is hiring software engineers (flexport.com)
756,Generally Intelligent (YC S17) is hiring machine learning research engineers
757,Emerge Tools (YC W21) is looking for Android performance experts (ycombinator.com)
758,Rootly (YC S21) Is Hiring for Developer Relations (ycombinator.com)
759,LiquiFi (YC W22 – Carta for Web3) is hiring engineers (ycombinator.com)
760,The Svix Webhook Service (YC W21) Is Hiring a Rust Back End Engineer (Remote) (svix.com)
761,OurWorldInData (YC W19) Is Hiring an Executive Assistant to Director Max Roser (ourworldindata.org)
762,"QuestDB (YC S20) Is Hiring a Cloud Engineer (K8s, Argocd, Terraform) (questdb.io)"
763,EasyPost (YC S13) Is Hiring Remote API Engineers (easypost.com)
764,Basis (YC S21) is hiring our first dev/designer to build Figma for data (workatastartup.com)
765,"Tesorio (YC S15) Is Hiring a Senior PMs, Engineers and VP of Engineering (tesorio.com)"
766,Rescale (YC W12) Is Hiring HPC Engineers (lever.co)
767,Bitmovin (YC S15) Is Hiring a VP Product Marketing in Video Tech (bitmovin.com)
768,Courier (YC S19) Is Hiring to Make Software-to-Human Communication Delightful (lever.co)
769,Deepnote (YC S19) is hiring to build a better data science notebook (deepnote.com)
770,Wasp (YC W21) Is Hiring a DevRel
771,Manara (YC W21) Is Hiring a Full Slack Engineer (breezy.hr)
772,Finley (YC W21) is hiring to build B2B fintech software (remote) (finleycms.com)
773,Prefix (YC W21) is hiring founding engineers (prefix.app)
774,The Muse (YC W12) Is Hiring a Senior Platform Engineer (themuse.com)
775,Ashby (YC W19) is hiring. Build automation that saves recruiting teams and4h/day (ashbyhq.com)
776,SafeButler (YC S17) Is Hiring Remote Software Engineer (safebutler.com)
777,Pachyderm Is Hiring SDET&Build/Release Eng to Power the Data-Centric AI Platform (pachyderm.com)
778,Raptor Maps (YC S16) Is Hiring a Lead DevOps Engineer for Solar Software (lever.co)
779,Opvia (YC S20) Is Hiring a Senior Product Engineer in London (notion.so)
780,"Skio (subscriptions for Shopify, above market comp) is hiring eng in NYC (skio.com)"
781,Dover.com is hiring senior engineers (dover.com)
782,Smarking (YC W15) is hiring to digitize $655B parking industry (smarking.com)
783,BuildZoom (better way to build custom homes) Is hiring a Principal Engineer (lever.co)
784,Mux (YC W16) is hiring engineers to work with Elixir and modern (Type|Java)Script (mux.com)
785,Supabase (YC S20) Is Hiring a Lead Golang Developer for Auth (greenhouse.io)
786,Raycast (YC W20) Is Hiring to Make Work Frictionless (Remote in Europe) (raycast.com)
787,Streak (YC W22) Is Hiring a Head of Operations (streak.com)
788,Agentnoon (YC W22) Is hiring engineer #2 anywhere in the world (lever.co)
789,Meticulous (YC S21) Is Hiring #2 Founding Engineer in London
790,Shipamax (YC W17) Is Hiring an Engineering Manager (angel.co)
791,Replit (YC W18) Is Hiring Security Hackers to Safely Run Untrusted Code (lever.co)
792,ReadMe (YC W15) is hiring a CTO who loves devtools (readme.com)
793,Hypercontext (YC S21) Is Hiring a Quality Assurance Specialist (ycombinator.com)
794,OneSignal (YC S11) Is Hiring Engineers to Democratize Mobile Customer Engagement (onesignal.com)
795,Compound (YC S19) is hiring to build a bank/wealth manager for startup employees (ashbyhq.com)
796,MindsDB (YC W20) is hiring a creative marketing designer (ycombinator.com)
797,Y Combinator is hiring a product engineer for Startup School (ycombinator.com)
798,Flexport Is Hiring Machine Learning Engineers to Make Global Trade Seamless (flexport.com)
799,Generally Intelligent (YC S17) Is Hiring Machine Learning Research Engineers
800,"Curri (YC S19) Is Hiring a VP, Sales (ycombinator.com)"
801,Litnerd (YC S21) Is Hiring Senior Full Stack Developer (ycombinator.com)
802,Daily (YC W16) Is Hiring Solutions Engineers (Any Time Zone) (greenhouse.io)
803,Emerge tools (YC W21) is hiring a senior Android engineer (workatastartup.com)
804,The Svix Webhook Service (YC W21) Is Hiring a Rust Back End Engineer (Remote) (svix.com)
805,Recurse Center (YC S10) is hiring a Head of Marketing (US remote) (recurse.com)
806,EasyPost (YC S13) Is Hiring API Engineers (easypost.com)
807,Etleap (YC W13) Is Hiring a Software Engineer (San Francisco and London) (etleap.com)
808,GiveCampus (YC S15) Is Hiring senior engineers to impact education affordability (lever.co)
809,Basis (YC S21) is hiring our first dev/designer to build Figma for data (workatastartup.com)
810,Flowly (YC S21) Is Hiring (ycombinator.com)
811,"Jerry (YC S17) Is Hiring Engineering Manager, Software Development (lever.co)"
812,SafetyWing (YC W18) Is Hiring a Head of Accounting (notion.so)
813,"Bitmovin (YC S15) Is Hiring Sales Directors in USA, EU and APAC (bitmovin.com)"
814,"Tesorio (YC S15) Is Hiring a VP Engineering, VP Marketing and VP Finance (tesorio.com)"
815,Rescale (YC W12) Is Hiring HPC Engineers (lever.co)
816,Algolia is hiring engineers to build blended textual and vector search at scale (algolia.com)
817,Deepnote (YC S19) is hiring a lead engineer to build a better notebook (Europe) (deepnote.com)
818,Finley (YC W21) is hiring account executives and senior engineers (remote) (finleycms.com)
819,Pachyderm (YC W15) is hiring data science product managers and SDETs (pachyderm.com)
820,EXO Freight (YC W22) Is Hiring (ycombinator.com)
821,Wasmer (YC S19) Is Hiring Rust Engineers and Eng. Managers (workatastartup.com)
822,Kodable (YC IK12) is hiring game developers to help us teach kids to code (indeed.com)
823,Skio (YC S20) – Subscriptions for Shopify – is hiring founding engineers in NYC (skio.com)
824,Remi Labs (YC W22) is hiring to build NFTs for ecom businesses (workatastartup.com)
825,Dover.com is hiring senior engineers (dover.com)
826,SuperTokens (YC S20) Is Hiring a Developer Advocates (US) (angel.co)
827,The Muse (YC W12) Is Hiring a Senior Platform Engineer (themuse.com)
828,Smarking (YC W15) is hiring to accelerate mobility digitization (smarking.com)
829,BuildZoom (YC W13) is hiring a growth associate (lever.co)
830,Atomic (YC S20) Is Hiring a Senior Software Engineer – Fullstack (greenhouse.io)
831,Raycast (YC W20) Is Hiring to Make Work Frictionless (Remote in Europe) (raycast.com)
832,Relationship Hero (YC S17) is hiring sales associates (remote) (relationshiphero.com)
833,Supabase (YC S20) Is Hiring for People Ops and Recruitment (greenhouse.io)
834,AtoB (YC S20) is building Stripe for Transportation and hiring (atob.com)
835,Meticulous (YC S21) Is Hiring #2 Founding Engineer in London
836,"OneSignal (YC S11) is hiring engineers to work on messaging: Push, SMS, & Email (onesignal.com)"
837,"Fathom (YC W21) is hiring our fifth senior full-stack engineer (Rails, remote) (ycombinator.com)"
838,Release (YC W20) is hiring a fullstack engineer to free teams from 'Cloudhell'
839,Enso (YC S21) Is Hiring Senior Cloud Developer (ycombinator.com)
840,"Flexport (YC W14) is hiring software engineers, esp. with logistics experience (flexport.com)"
841,Substack (YC W18) is hiring Analytics Engineers to build the future for writing (lever.co)
842,Paperspace (YC W15) is hiring software engineers to build a next-gen cloud (paperspace.com)
843,CareRev (YC S16) Is Hiring Salesforce Engineers (Remote USA) (grnh.se)
844,Crew (YC S21) Is Hiring a Software Engineer (Remote) (crew.work)
845,Streak (YC W22) Is Hiring a Head of Ops (streak.com)
846,Emerge Tools (YC W21) is hiring a senior Android engineer (workatastartup.com)
847,Fly.io (YC W20) Is Hiring Laravel Specialists (fly.io)
848,Svix (YC W21) Is Hiring a Developer Advocate (Remote) (svix.com)
849,Generally Intelligent (YC S17) Is Hiring Machine Learning Research Engineers
850,Replit (YC W18) is hiring engineers to make delightful programming environments (replit.com)
851,Padlet (YC W13) is hiring a writer in SF to build software for a good education (padlet.jobs)
852,"Stacker (YC S20) Is hiring leadership layer across Product Marketing, and Growth (stackerhq.com)"
853,EasyPost (YC S13) Is Hiring Remote (easypost.com)
854,Depict.ai (YC S20) Is Hiring Engineers (depictai.notion.site)
855,Etleap (YC W13) Is Hiring a Software Engineer (San Francisco and London) (etleap.com)
856,"PhotoRoom (YC S20) Is Hiring a Senior React Developer (Paris, Remote ± 1h) (lever.co)"
857,DevCycle (YC W14) is hiring engineers at all levels (devcycle.com)
858,QuestDB (YC S20) Is Hiring a Senior Back End Python Engineer (questdb.io)
859,RocketLit (YC S16) is hiring a full-stack senior PHP developer for ed tech (innerorbit.com)
860,Union54 (YC S21) Is Hiring (ycombinator.com)
861,New Story (YC S15) Is Hiring Senior Manager Direct Builds (lever.co)
862,Bitmovin (YC S15) Is Hiring Software Developers to Build the Future of Video (bitmovin.com)
863,Moonshot Brands (YC W21) Is Hiring
864,"Tesorio (YC S15) Is Hiring a VP Engineering, VP Marketing and VP Finance (tesorio.com)"
865,Ashby (YC W19) is hiring SRE in North America to help us scale (ashbyhq.com)
866,Aesthetic (YC S18) Is hiring our founding Business Development Lead (notion.so)
867,"Unflow (YC S19) Is Hiring full-stack software engineers (Rails, Remote) (ycombinator.com)"
868,Promoted.ai (YC W21) Is Hiring (ycombinator.com)
869,Basis (YC S21) is hiring our first dev/designer to build Figma for data (workatastartup.com)
870,Centaur Labs (YC W19) is hiring a product designer (centaurlabs.com)
871,Deepnote (YC S19) is hiring a lead engineer to build a better notebook (Europe) (deepnote.com)
872,Rescale (YC W12) Is Hiring HPC Engineers (lever.co)
873,Dendron (YC W21) is hiring a React/TS expert to build better tools for thought (dendron.so)
874,Algolia is hiring full-stack engineers to help us research a new kind of search (algolia.com)
875,Piepacker (YC S20) Is Hiring Full Stack Developers (Europe / Remote) (lever.co)
876,Seis (YC W22) Is Hiring (ycombinator.com)
877,Skio (YC S20) is hiring founding engineers in NYC (skio.com)
878,Reverie Labs (YC W18) is hiring front end engineers to tackle cancer (reverielabs.com)
879,"Legion Health (YC S21) Is Hiring a Founding Engineer – Austin, TX"
880,Raycast (YC W20) Is Hiring to Make Work Frictionless (Remote in Europe) (raycast.com)
881,Dover (YC S19) is hiring engineers at all levels (dover.com)
882,Kodable (IK12) is hiring a senior game developer to help us teach kids to code (angel.co)
883,The Muse (YC W12) Is Hiring a Senior Platform Engineer (themuse.com)
884,SuperTokens (YC S20) Is Hiring a frontent engineer (remote) (angel.co)
885,"Fetch (YC S15) is hiring senior software engineers (Atlanta, hybrid) (ycombinator.com)"
886,ReadMe (YC W15) is hiring a CTO who loves devtools (readme.com)
887,Ribbon Health (YC S17) Is Hiring a Director of Engineering for Our API Platform (ribbonhealth.com)
888,Meticulous (YC S21) Is Hiring #2 Founding Engineer in London
889,Flexport (YC W14) is hiring software engineers who have built logistics tech (flexport.com)
890,Jerry (YC S17) is hiring product managers (all levels x remote) (lever.co)
891,Veryfi (YC W17) is hiring account executives (ycombinator.com)
892,"Finley (YC W21) Is Hiring for Fintech Engineering, Sales, and CS (Remote) (finleycms.com)"
893,"Clerky (YC S11) is hiring senior full-stack software engineers (Rails, remote) (lever.co)"
894,Smarking (YC W15) Is Hiring Head of Eng to digitize $655B parking industry (lever.co)
895,"Gigwell (YC W16) Is Hiring a Full-Stack Software Engineer (Kotlin, NodeJS) (ycombinator.com)"
896,Pachyderm (YC W15) is hiring a DevRel Lead to pioneer a modern MLOps stack (pachyderm.com)
897,Svix (YC W21) Is Hiring a Developer Advocate (Remote) (svix.com)
898,"Generally Intelligent (YC S17) Is Hiring Systems Engineers (Remote, SF)"
899,BuildZoom (better way to build custom homes) is hiring a growth associate (lever.co)
900,OneSignal (YC S11) is hiring a product manager interested in product-led growth (onesignal.com)
901,"Freshpaint (YC S19) is growing, and hiring software engineers (ashbyhq.com)"
902,Supabase (YC S20) Is Hiring Support Engineers (supabase.com)
903,EasyPost (YC S13) Is Hiring Remote (easypost.com)
904,Experiment (YC W13) Is Hiring a Reviewer (Remote)
905,GiveCampus (YC S15) is hiring senior engineers to help make education accessible (lever.co)
906,Motion (YC W20) Is Hiring React Native Engineers (ashbyhq.com)
907,Evidence (YC S21) is hiring engineers to build a web framework for data teams (workatastartup.com)
908,Bloom Institute of Technology (YC S17) Is Hiring a Senior Salesforce Engineer (lever.co)
909,Etleap (YC W13) Is Hiring a Software Engineer (San Francisco / London) (etleap.com)
910,"Nimble (YC S17) seeks product designer (part-time or full-time, remote)"
911,DevCycle (YC W14) is hiring (devcycle.com)
912,Yunit Inc (YC W22) is hiring a senior iOS developer (yunit.notion.site)
913,Replit (YC W18) Is Hiring Engineers to Make Delightful Programming Environments (replit.com)
914,Atlas (YC S21) Is Hiring – UIUX Designer (ycombinator.com)
915,Qvin (YC W16) Is Hiring a Women's Health D2C Product Lead (greenhouse.io)
916,Union54 (YC S21) Is Hiring (ycombinator.com)
917,Padlet (YC W13) is hiring senior Elixir engineers in San Francisco (lever.co)
918,Universe (YC W18) Is Hiring Growth and BizOps People
919,Tesorio (YC S15) is hiring a Senior DevOps to join our fully distributed team (tesorio.com)
920,New Story (YC S15) Is Hiring a CFO (lever.co)
921,Mednet (YC W17) Is Hiring (ycombinator.com)
922,SigNoz (YC W21) Is Hiring Developer Advocate for Its Open Source APM Product (ycombinator.com)
923,"Netbeez (YC W16) is hiring a React.js engineer – remote (US), contract to hire (bamboohr.com)"
924,Zendar (YC S17) Is Hiring Platform Engineering Manager (breezy.hr)
925,RankScience (YC W17) Is Hiring a Head of Content Marketing (Remote) (rankscience.com)
926,"PhotoRoom (YC S20) Is Hiring a Senior Web Developer (Paris, Remote ± 1h) (lever.co)"
927,Moonshot Brands (YC W21) Is Hiring (breezy.hr)
928,Basis (YC S21) is hiring devs to refactor the modern data stack (workatastartup.com)
929,Fleek (YC W22) Is Hiring
930,Bitmovin (YC S15) Is Hiring a VP Product Marketing (US/Europe/Remote) (bitmovin.com)
931,Rescale (YC W12) is hiring software engineers (lever.co)
932,Seis (YC W22) Is Hiring (ycombinator.com)
933,"Muse (YC S21) - Is Hiring, help us build 3D websites (muse.place)"
934,Skio is hiring founding engineers in NYC (above market equity) (skio.com)
935,Reverie Labs (YC W18) is hiring senior software engineers to tackle cancer (reverielabs.com)
936,Eqtble (YC W21) is hiring a founding back end engineer (ycombinator.com)
937,Sunsama (YC W19) Is Hiring a Product Expert (ycombinator.com)
938,Cosmic (YC W19) Is Hiring (Remote)
939,Reflect (YC S20) is hiring full-stack engineers and sales reps (US Remote) (ycombinator.com)
940,Bright (YC W15) is hiring a front-end engineer (ycombinator.com)
941,Openbase (YC S20) Is Hiring (ycombinator.com)
942,Dover (YC S19) is hiring engineers at all levels (dover.com)
943,Flexport is hiring engineers to uncork global supply chains (flexport.com)
944,Bristle (YC W21) is hiring a front-end engineer to improve oral health care (bristle.notion.site)
945,Meticulous (YC S21) is hiring #2 founding engineer in London
946,MagicBell (YC W21) Is Hiring a Founding Ruby on Rails Engineer – Remote (magicbell.com)
947,Fetch (YC S15) Is Hiring (ycombinator.com)
948,"Clerky (YC S11) is hiring senior full-stack software engineers (Rails, remote) (lever.co)"
949,The Muse (YC W12) Is Hiring a Senior React Engineer (themuse.com)
950,"Generally Intelligent (YC S17) Is Hiring Systems Engineers (Remote, SF)"
951,Smarking (YC W15) Is Hiring Head of Eng to digitize $655B parking industry (lever.co)
952,Svix (YC W21) Is Hiring a Rust Backend Engineer (Remote) (ycombinator.com)
953,Convictional (YC W19) hiring remote engineers to build the future of B2B trade (ashbyhq.com)
954,BuildZoom (better way to build custom homes) Is hiring a Principal Engineer (lever.co)
955,OneSignal (YC S11) is hiring engineers with distributed systems experience (onesignal.com)
956,Taloflow (YC W21) Is Hiring a QA Engineer and Project Manager (ycombinator.com)
957,EasyPost (YC S13) Is Hiring Remote (easypost.com)
958,Path (YC S19) is hiring engineers to automate getting money for college (path.me)
959,Corrily (YC W21) Is Hiring a Senior Account Executive (crew.work)
